motion_bin,n,motion_median,motion_min,motion_max,thickness_median,thickness_std,thickness_min,thickness_max
"(0.219, 0.469]",83,0.4051105,0.22033328,0.4685865,2.5255441176470583,0.11312246005929737,2.289014705882353,2.7116617647058825
"(0.469, 0.605]",83,0.5310552,0.46954334,0.6041128,2.4640588235294114,0.1215518157987367,2.126397058823529,2.7147205882352945
"(0.605, 0.801]",83,0.6912572,0.6063316,0.79881483,2.465823529411764,0.12824645970236653,2.052470588235294,2.673705882352941
"(0.801, 1.117]",83,0.90231824,0.80406696,1.1168046,2.3883382352941176,0.1353036000578151,2.068823529411765,2.651735294117647
"(1.117, 2.666]",83,1.3215946,1.1186155,2.665873,2.368794117647059,0.12673114914254735,2.1041617647058826,2.677132352941176
